unmapped_department,job_department
Cross Departmental Opportunities,Cross Departmental Opportunities
Natural England,Natural England
Stabilisation Unit,Stabilisation Unit
Home Office,Home Office
Health and Safety Executive,Health and Safety Executive
Ministry of Defence,Ministry of Defence
HM Revenue and Customs,HM Revenue and Customs
Innovate UK,Innovate UK
Royal Botanic Gardens Kew,Royal Botanic Gardens Kew
Disclosure & Barring Service,Disclosure & Barring Service
"Department for Environment, Food and Rural Affairs",DEFRA
Office for National Statistics,Office for National Statistics
Foreign and Commonwealth Office,Foreign and Commonwealth Office
Forestry Commission,Forestry Commission
Scottish Government,Scottish Government
Defence Science and Technology Laboratory,DSTL
Department for Exiting the European Union,DexEU
Animal and Plant Health Agency,Animal and Plant Health Agency
Medicines and Healthcare Products Regulatory Agency,MHPRA
Public Health England,PHE
Consumer Council for Water,Consumer Council for Water
HM Treasury,HM Treasury
Department for Work and Pensions,DWP
College of Policing,College of Policing
Engineering and Physical Sciences Research Council,EPSRC
MI5,MI5
Department for Education,DfE
Queen Elizabeth II Conference Centre,Queen Elizabeth II Conference Centre
Veterinary Medicines Directorate,Veterinary Medicines Directorate
Government Recruitment Service,Government Recruitment Service
Government Digital Service,GDS
Government Communications Headquarters,Government Communications Headquarters
Department for International Trade,DfIT
UK Space Agency,UK Space Agency
Department for International Development,DfID
Competition & Markets Authority,CMA
Department for Communities and Local Government,MHCLG
"Department for Business, Energy & Industrial Strategy",BEIS
Crown Prosecution Service,Crown Prosecution Service
Care Quality Commission,CQC
Department for Transport,DfT
The National Archives,The National Archives
Government Statistical Service,GSS
"Centre for Environment, Fisheries and Aquaculture Science",CEFAS
Insolvency Service,Insolvency Service
Office of Gas and Electricity Markets,OFGEM
Welsh Government,Welsh Government
Driver and Vehicle Standards Agency,DVSA
Department of Health,DoH
"Department for Digital, Culture, Media and Sport",DCMS
Independent Inquiry into Child Sexual Abuse,Independent Inquiry into Child Sexual Abuse
HM Prison & Probation Service,HMP
Office of the Immigration Services Commissioner,Office of the Immigration Services Commissioner
Planning Inspectorate,Planning Inspectorate
Food Standards Agency,FSA
Driver and Vehicle Licensing Agency,DVLA
Independent Police Complaints Commission,IPCC
Intellectual Property Office,Intellectual Property Office
HM Courts and Tribunals Service,HM Courts and Tribunals Service
Cabinet Office,Cabinet Office
House of Commons,House of Commons
Independent Parliamentary Standards Authority,Independent Parliamentary Standards Authority
Ministry of Justice,MoJ
Government Legal Department,Government Legal Department
Maritime and Coastguard Agency,Maritime and Coastguard Agency
Rural Payments Agency,Rural Payments Agency
HM Land Registry,HM Land Registry
Valuation Office Agency,VOA
UK Statistics Authority,UK Statistics Authority
"Office for Standards in Education, Children's Services and Skills",OFSTED
Vehicle Certification Agency,Vehicle Certification Agency
Equality and Human Rights Commission,Equality and Human Rights Commission
Institute for Apprenticeships,Institute for Apprenticeships
Northern Ireland Office,Northern Ireland Office
Office of Qualifications and Examinations Regulation,OFQUAL
UK Supreme Court,UK Supreme Court
Office of the Public Guardian,Office of the Public Guardian
Government Commercial Function,Government Commercial Function
Attorney General's Office,Attorney General's Office
"Advisory, Conciliation and Arbitration Service","Advisory, Conciliation and Arbitration Service"
Government Communication Service,Government Communication Service
Independent Office for Police Conduct,Independent Office for Police Conduct
Government Project Delivery Profession,Government Project Delivery Profession
Gangmasters and Labour Abuse Authority,Gangmasters and Labour Abuse Authority
UK Export Finance,UK Export Finance
Joint Nature Conservation Committee,Joint Nature Conservation Committee
National Crime Agency,National Crime Agency
Office of Rail and Road,Office of Rail and Road
Scotland Office,Scotland Office
"Ministry of Housing, Communities & Local Government",MHCLG
Crown Commercial Service,Crown Commercial Service
National Infrastructure Commission,National Infrastructure Commission
Ofwat (Water Services Regulation Authority),Ofwat (Water Services Regulation Authority)
Parliamentary and Health Service Ombudsman,Parliamentary and Health Service Ombudsman
Charity Commission,Charity Commission
Medical Research Council,Medical Research Council
National Savings and Investments,National Savings and Investments
Homes and Communities Agency,Homes and Communities Agency
House of Lords,House of Lords
Companies House,Companies House
Local Government & Social Care Ombudsman,Local Government & Social Care Ombudsman
Parole Board,Parole Board
Government Actuary's Department,Government Actuary's Department
UK Debt Management Office,UK Debt Management Office
Marine Management Organisation,Marine Management Organisation
Wales Office,Wales Office
Food Standards Scotland,Food Standards Scotland
Legal Aid Agency,Legal Aid Agency
UK Hydrographic Office,UK Hydrographic Office
British Council,British Council
Independent Anti-Slavery Commission,Independent Anti-Slavery Commission
Biotechnology and Biological Sciences Research Council,BBSRC
Non Departmental Public Body,Non Departmental Public Body
Higher Education Funding Council for Wales,HEFCW
Serious Fraud Office,Serious Fraud Office
Forestry Commission England,Forestry Commission England
Government Internal Audit Agency,Government Internal Audit Agency
Defence Electronics & Components Agency,Defence Electronics & Components Agency
Human Fertilisation & Embryology Authority,Human Fertilisation & Embryology Authority
Office for Budget Responsibility,Office for Budget Responsibility
Criminal Cases Review Commission,Criminal Cases Review Commission
Government Operational Research Service,Government Operational Research Service
Registers of Scotland,Registers of Scotland
Crown Office and Procurator Fiscal Service,Crown Office and Procurator Fiscal Service
Homes England,Homes England
ESTYN,ESTYN
Information Commissioner's Office,Information Commissioner's Office
HM Crown Prosecution Service Inspectorate,HM Crown Prosecution Service Inspectorate
Housing Ombudsman Service,Housing Ombudsman Service
Royal Commission on the Ancient and Historical Monuments of Wales,RCAHMW
Committee on Climate Change,Committee on Climate Change
Security Industry Authority,Security Industry Authority
UK Government Investments,UK Government Investments
Pensions Advisory Service,Pensions Advisory Service
Historic Environment Scotland,Historic Environment Scotland
Wilton Park,Wilton Park
Valuation Tribunal Service,Valuation Tribunal Service
